ImageNumber,ObjectNumber,FileName_Draq5,FileName_NBDglucose,PathName_Draq5,PathName_NBDglucose,AreaShape_Area,AreaShape_BoundingBoxArea,AreaShape_BoundingBoxMaximum_X,AreaShape_BoundingBoxMaximum_Y,AreaShape_BoundingBoxMinimum_X,AreaShape_BoundingBoxMinimum_Y,AreaShape_Center_X,AreaShape_Center_Y,AreaShape_Compactness,AreaShape_ConvexArea,AreaShape_Eccentricity,AreaShape_EquivalentDiameter,AreaShape_EulerNumber,AreaShape_Extent,AreaShape_FormFactor,AreaShape_MajorAxisLength,AreaShape_MaxFeretDiameter,AreaShape_MaximumRadius,AreaShape_MeanRadius,AreaShape_MedianRadius,AreaShape_MinFeretDiameter,AreaShape_MinorAxisLength,AreaShape_Orientation,AreaShape_Perimeter,AreaShape_Solidity,Intensity_IntegratedIntensityEdge_Draq5,Intensity_IntegratedIntensityEdge_NBDglucose,Intensity_IntegratedIntensity_Draq5,Intensity_IntegratedIntensity_NBDglucose,Intensity_LowerQuartileIntensity_Draq5,Intensity_LowerQuartileIntensity_NBDglucose,Intensity_MADIntensity_Draq5,Intensity_MADIntensity_NBDglucose,Intensity_MassDisplacement_Draq5,Intensity_MassDisplacement_NBDglucose,Intensity_MaxIntensityEdge_Draq5,Intensity_MaxIntensityEdge_NBDglucose,Intensity_MaxIntensity_Draq5,Intensity_MaxIntensity_NBDglucose,Intensity_MeanIntensityEdge_Draq5,Intensity_MeanIntensityEdge_NBDglucose,Intensity_MeanIntensity_Draq5,Intensity_MeanIntensity_NBDglucose,Intensity_MedianIntensity_Draq5,Intensity_MedianIntensity_NBDglucose,Intensity_MinIntensityEdge_Draq5,Intensity_MinIntensityEdge_NBDglucose,Intensity_MinIntensity_Draq5,Intensity_MinIntensity_NBDglucose,Intensity_StdIntensityEdge_Draq5,Intensity_StdIntensityEdge_NBDglucose,Intensity_StdIntensity_Draq5,Intensity_StdIntensity_NBDglucose,Intensity_UpperQuartileIntensity_Draq5,Intensity_UpperQuartileIntensity_NBDglucose,Location_CenterMassIntensity_X_Draq5,Location_CenterMassIntensity_X_NBDglucose,Location_CenterMassIntensity_Y_Draq5,Location_CenterMassIntensity_Y_NBDglucose,Location_CenterMassIntensity_Z_Draq5,Location_CenterMassIntensity_Z_NBDglucose,Location_Center_X,Location_Center_Y,Location_Center_Z,Location_MaxIntensity_X_Draq5,Location_MaxIntensity_X_NBDglucose,Location_MaxIntensity_Y_Draq5,Location_MaxIntensity_Y_NBDglucose,Location_MaxIntensity_Z_Draq5,Location_MaxIntensity_Z_NBDglucose,Number_Object_Number
1,1,Trial1_1-0002.tif,Trial1_1-0001.tif,/Users/Maddie/Downloads/Day3_N2_Vimentin_231/A/A_FIP,/Users/Maddie/Downloads/Day3_N2_Vimentin_231/A/A_FIP,4195,8424,497,333,416,229,454.0784266984505,285.1837902264601,13.678182702489446,6109,0.8384020942278054,73.08378678040711,-34,0.49798195631528963,0.07310912726863919,105.7660914930958,110.25878649794764,20.396078054371138,6.392436417190687,5.0,71.0,57.648043538322376,18.802363306044768,849.1513703397204,0.6866917662465215,6.549614790827036,5.528023283928633,33.09436220722273,30.35112581588328,0.005355916917324066,0.006771191023290157,0.002197299152612686,0.000396734569221735,1.2304042989209705,0.2182123339461447,0.027496756985783577,0.00805676355957985,0.030487526208162308,0.01123064011335373,0.008095939172839352,0.0068331560987992986,0.00788900171805071,0.0072350717081962525,0.007354848552495241,0.007110704202204943,0.0023041123058646917,0.006042572669684887,0.0022735942620784044,0.006042572669684887,0.0035642791697541713,0.00034501543780425845,0.003471712518896777,0.000637172310621667,0.009826810099184513,0.00759899290278554,455.12558147180226,454.2701128759638,285.8298255346669,285.28806405844387,0.0,0.0,454.0784266984505,285.1837902264601,0,461.0,467.0,283.0,292.0,0.0,0.0,1
1,2,Trial1_1-0002.tif,Trial1_1-0001.tif,/Users/Maddie/Downloads/Day3_N2_Vimentin_231/A/A_FIP,/Users/Maddie/Downloads/Day3_N2_Vimentin_231/A/A_FIP,30911,143925,922,584,447,281,661.9636051890913,435.8415450810391,74.70311930888568,53375,0.9776609475961451,198.386258514315,-337,0.21477158242140004,0.013386321873189217,561.6602330227887,517.9285665031424,43.01162633521314,8.626614596788459,4.47213595499958,132.56347405995277,118.05434287050032,-63.49074922664644,5386.79970774822,0.5791288056206089,27.409872956341133,33.94242827966809,177.2815466800239,226.83102515898645,0.0036316472105681896,0.006759746931493282,0.0017547877505421638,0.0004272526130080223,19.666471213815093,2.6466786514521914,0.027420463040471077,0.008117799647152424,0.027420463040471077,0.013260089792311192,0.005505095994444895,0.006817117549642116,0.005735225216913846,0.007338197572352446,0.00521858548745513,0.00712596345692873,0.0022735942620784044,0.006042572669684887,0.0022583352401852608,0.006042572669684887,0.002697245827891748,0.0003311742557100314,0.002745580195066679,0.0008461023037484882,0.007232776377350092,0.0076905470341444016,644.6304440203766,659.4991852907823,445.1330257974362,436.80670954830447,0.0,0.0,661.9636051890913,435.8415450810391,0,503.0,629.0,500.0,452.0,0.0,0.0,2
1,3,Trial1_1-0002.tif,Trial1_1-0001.tif,/Users/Maddie/Downloads/Day3_N2_Vimentin_231/A/A_FIP,/Users/Maddie/Downloads/Day3_N2_Vimentin_231/A/A_FIP,3220,12728,404,463,256,377,324.9335403726708,421.24378881987576,47.642099770477316,6845,0.9623007807278602,64.02992530096552,-61,0.25298554368321813,0.020989838920149283,162.964362089689,151.58495967608397,12.041594578792296,2.262738150274574,1.4142135623730951,54.430320898051576,44.324271607117055,64.90917780281995,1388.4438302826452,0.4704163623082542,10.810757755767554,9.013611198402941,25.142855288926512,22.635874327737838,0.005127031356096268,0.006652933545410633,0.0023651481606066227,0.0002899216488003731,7.0084373844494126,0.9315727095324169,0.029388876631855965,0.008178835734724998,0.029388876631855965,0.010727092623710632,0.008196177221961755,0.0068336703551197435,0.007808340151840532,0.007029774635943428,0.007263294421136379,0.006912337150424719,0.0023193713277578354,0.006118868011981249,0.002288853283971548,0.0061036087572574615,0.003750728330218569,0.0003296030404234235,0.003645676152178744,0.0005656537016306926,0.009872587397694588,0.007263294421136379,331.52250023137935,324.10157865710687,423.63205232126654,420.8246618498756,0.0,0.0,324.9335403726708,421.24378881987576,0,311.0,283.0,432.0,399.0,0.0,0.0,3
1,4,Trial1_1-0002.tif,Trial1_1-0001.tif,/Users/Maddie/Downloads/Day3_N2_Vimentin_231/A/A_FIP,/Users/Maddie/Downloads/Day3_N2_Vimentin_231/A/A_FIP,4440,10560,141,686,31,590,71.8722972972973,645.0894144144144,22.087399203944898,6434,0.7277362780351946,75.18765575960008,-56,0.42045454545454547,0.04527468312436694,97.82940576152647,109.5627673984187,21.840329667841555,5.575584316335577,3.605551275463989,73.84807781984242,67.0969888225208,49.816141651101624,1110.1168824543142,0.6900839291265154,5.332234757486731,7.122881022281945,22.55794645822607,31.34786042245105,0.0033264667727053165,0.006698710843920708,0.0014648661017417908,0.0003204392269253731,0.4866945482679892,0.24607255843265663,0.014358739368617535,0.00860608834773302,0.016327153891324997,0.01020828541368246,0.005107504556979627,0.00682268297153443,0.005080618571672539,0.0070603289239754615,0.004638742655515671,0.0069733732379972935,0.002288853283971548,0.0061036087572574615,0.0022735942620784044,0.006057831924408674,0.0022343863315032685,0.00033272419083452603,0.00225912613669071,0.0005123332628606829,0.006363012362271547,0.007339589763432741,72.35828481085402,71.94459014821034,645.0631899986776,645.3246280358746,0.0,0.0,71.8722972972973,645.0894144144144,0,116.0,92.0,639.0,659.0,0.0,0.0,4
1,5,Trial1_1-0002.tif,Trial1_1-0001.tif,/Users/Maddie/Downloads/Day3_N2_Vimentin_231/A/A_FIP,/Users/Maddie/Downloads/Day3_N2_Vimentin_231/A/A_FIP,13460,32025,339,834,156,659,232.64160475482913,755.9031946508172,19.667291848764528,21666,0.660470141091552,130.91143675071055,-68,0.4202966432474629,0.05084584129272575,170.21848500406585,184.5453873712372,47.4236228055175,12.196010346356184,9.0,149.19785897792067,127.80894281669754,-72.23918088595998,1823.8946237714777,0.6212498846118342,7.894880707142875,11.724544328637421,59.744183293543756,105.93756160978228,0.0026703288313001394,0.006942855194211006,0.0013885709922760725,0.0007171742618083954,5.695978218040091,1.747856363817798,0.016571298241615295,0.008178835734724998,0.0312962532043457,0.014053558930754662,0.004603428983756778,0.006836468996290042,0.004438646604275167,0.007870546924946677,0.003936827648431063,0.007553216069936752,0.0022583352401852608,0.0061036087572574615,0.0022583352401852608,0.0060883499681949615,0.002168755333430065,0.00032993540217941163,0.00211011533795033,0.0011982536418232478,0.005508507136255503,0.008560311049222946,237.81551724657822,230.98367461957739,753.5210113270342,756.4566108912389,0.0,0.0,232.64160475482913,755.9031946508172,0,186.0,219.0,736.0,748.0,0.0,0.0,5
1,6,Trial1_1-0002.tif,Trial1_1-0001.tif,/Users/Maddie/Downloads/Day3_N2_Vimentin_231/A/A_FIP,/Users/Maddie/Downloads/Day3_N2_Vimentin_231/A/A_FIP,3765,9776,703,850,599,756,644.4013280212483,801.9521912350598,34.0970418143298,6501,0.6888595445714326,69.2368896321021,-49,0.38512684124386254,0.029328057414638672,92.93379301058037,103.81714694596457,17.204650534085253,3.808266446571887,2.0,80.1542567681142,67.36722693770493,69.57233292801828,1270.122979108724,0.5791416705122289,7.099580481182784,8.299199043773115,20.17007733276114,26.38388689653948,0.0034637979697436094,0.006652933545410633,0.0015564204659312963,0.0002899216488003731,3.4379318047912113,0.18509714546980754,0.016464484855532646,0.008010986261069775,0.02532997727394104,0.00962844304740429,0.0058480893584701675,0.006836243034409485,0.00535725825571345,0.007007672482480605,0.004837110172957182,0.006942855194211006,0.002288853283971548,0.006134126801043749,0.0022735942620784044,0.0061036087572574615,0.0026485956092893574,0.000333549635750308,0.002492353699793891,0.0004913428431968428,0.006710154935717583,0.007263294421136379,647.8241292971869,644.2410113678721,802.2743814270709,801.8596735399343,0.0,0.0,644.4013280212483,801.9521912350598,0,672.0,632.0,815.0,797.0,0.0,0.0,6
2,1,Trial1_2-0002.tif,Trial1_2-0001.tif,/Users/Maddie/Downloads/Day3_N2_Vimentin_231/A/A_FIP,/Users/Maddie/Downloads/Day3_N2_Vimentin_231/A/A_FIP,22704,55664,665,624,469,340,562.2949700493305,510.6682522903453,21.598799665196804,37808,0.7804940586815253,170.02244152954378,-85,0.4078758263868928,0.04629886917333413,249.05255138510842,292.8361316504505,53.71219600798314,14.4373913849422,10.198039027185569,170.68559876377822,155.6984895396385,-14.403271696557836,2482.395236516116,0.600507829030893,12.449866652255878,19.729350973386317,111.60111542209052,288.1120800226927,0.002990768291056156,0.009094377048313618,0.001541161211207509,0.0020447084680199623,7.710596701360375,4.183249237294805,0.024628061801195145,0.011490043252706528,0.0472266711294651,0.03526359796524048,0.005462863822841543,0.00865702105019145,0.004915482532685453,0.012689926005227831,0.004364080261439085,0.010711833834648132,0.0022735942620784044,0.007003891281783581,0.002243076218292117,0.006744487676769495,0.002760282108237408,0.0006548922392091644,0.0024288778897748557,0.004978635947043011,0.006149386055767536,0.014785991981625557,568.4440003195274,558.4416819008057,506.0160777206165,512.2966701193335,0.0,0.0,562.2949700493305,510.6682522903453,0,629.0,561.0,364.0,529.0,0.0,0.0,1
2,2,Trial1_2-0002.tif,Trial1_2-0001.tif,/Users/Maddie/Downloads/Day3_N2_Vimentin_231/A/A_FIP,/Users/Maddie/Downloads/Day3_N2_Vimentin_231/A/A_FIP,3830,7725,425,850,322,775,365.7415143603133,807.6851174934726,14.810791210193065,5520,0.7204788195361643,69.83199450349154,-46,0.49579288025889967,0.06751833752890805,95.59002820736315,110.92339699089638,14.866068747318506,3.982123269324722,3.1622776601683795,73.49250114776399,66.28948055128924,-78.76471385628273,844.2935059634514,0.6938405797101449,3.4275730969384313,6.757793654222041,16.80622590216808,34.953948736190796,0.002731364918872714,0.008438238874077797,0.0013427939265966415,0.0006256196647882462,0.9347917643373396,0.24820631889338848,0.01716640032827854,0.01107805036008358,0.01716640032827854,0.013321125879883766,0.0043774879909813935,0.008630643236554332,0.004388048538425086,0.009126357372373576,0.003921568859368563,0.009018082171678543,0.0022735942620784044,0.006851301062852144,0.0022735942620784044,0.006652933545410633,0.002007420466457293,0.0006356492971926354,0.002003610683151157,0.0009719092164654048,0.005432211793959141,0.009689479134976864,366.1238619087801,365.9439709952604,806.832095808605,807.5415288877111,0.0,0.0,365.7415143603133,807.6851174934726,0,350.0,401.0,780.0,793.0,0.0,0.0,2
3,1,Trial1_3-0002.tif,Trial1_3-0001.tif,/Users/Maddie/Downloads/Day3_N2_Vimentin_231/A/A_FIP,/Users/Maddie/Downloads/Day3_N2_Vimentin_231/A/A_FIP,20115,35148,444,515,270,313,360.16311210539396,431.04613472532935,12.581248257119682,25449,0.6134430003838559,160.03503817085743,-88,0.5722942983953567,0.07948336918271234,189.1030236072382,247.07286374670934,39.81205847478876,11.265968296139674,9.0,159.9979569865709,149.34203242042423,-40.608854634621856,1783.3098833543772,0.7904043380879406,7.218875501770526,11.005188261158764,121.13333496754058,153.59878163412213,0.0035858701448887587,0.0068970778957009315,0.001998931635171175,0.0005340659990906715,3.6009039661357094,0.7678174385429599,0.023422598838806152,0.008209354244172573,0.04303044080734253,0.01745632104575634,0.0044643633282439865,0.0068059296605805595,0.006022040018271965,0.0076360318982909335,0.0053864349611103535,0.0073701078072190285,0.0022735942620784044,0.0061036087572574615,0.0022735942620784044,0.006073090713471174,0.002226231962410813,0.00032205776944419065,0.0031489030748041,0.0011001075062252045,0.007705806288868189,0.00804150477051735,361.4834530425309,359.75966641115275,434.39624057187393,430.3928543944385,0.0,0.0,360.16311210539396,431.04613472532935,0,369.0,340.0,398.0,408.0,0.0,0.0,1
3,2,Trial1_3-0002.tif,Trial1_3-0001.tif,/Users/Maddie/Downloads/Day3_N2_Vimentin_231/A/A_FIP,/Users/Maddie/Downloads/Day3_N2_Vimentin_231/A/A_FIP,5773,15180,115,469,0,337,35.56417807032739,394.9170275420059,31.27685339813482,9566,0.8032338046558505,85.73454316526154,-88,0.3803030303030303,0.03197252572919099,132.66437592617328,149.24141516348604,18.24828759089466,4.279729742665662,2.8284271247461903,86.3640558123307,79.02337658141026,-29.23529598722416,1506.3199846221441,0.6034915325109764,10.329350853804499,9.499946750700474,41.364065531408414,40.53553128289059,0.0046082246117293835,0.00666819280013442,0.0021515218541026115,0.0003051804378628731,2.7008551676754764,0.0744751396460442,0.026520179584622383,0.008163576945662498,0.027450980618596077,0.009689479134976864,0.007415183671072864,0.006819775126130994,0.007165090166535322,0.007021571329099357,0.006530861370265484,0.006942855194211006,0.0022735942620784044,0.006073090713471174,0.0022735942620784044,0.006073090713471174,0.0036609623887930856,0.0003343033989614778,0.0034359195183202482,0.0004939558369133537,0.009048599749803543,0.0072938124649226665,37.86919403398741,35.52449543323594,396.32469229045694,394.85400504809485,0.0,0.0,35.56417807032739,394.9170275420059,0,14.0,40.0,354.0,392.0,0.0,0.0,2
3,3,Trial1_3-0002.tif,Trial1_3-0001.tif,/Users/Maddie/Downloads/Day3_N2_Vimentin_231/A/A_FIP,/Users/Maddie/Downloads/Day3_N2_Vimentin_231/A/A_FIP,10855,38016,793,725,595,533,687.2049746660525,645.6431137724551,36.87043053773791,20958,0.8471458214424779,117.5628140957003,-95,0.28553766835016836,0.02712200496211923,204.42687676082977,239.71024175032656,25.0,5.757035235435157,4.0,127.67782929379386,108.62436288092341,-58.1122390613874,2242.636831182708,0.5179406431911442,10.983703525969759,14.259907163213938,58.94869999587536,79.3869700091891,0.0033264667727053165,0.006744487676769495,0.0017242697067558765,0.0004272526130080223,7.0549059003503825,0.39465949824114394,0.021591516211628914,0.008346685208380222,0.021591516211628914,0.012314030900597572,0.005257876269013767,0.006826188206421225,0.005430557346464796,0.007313401198451322,0.0048981462605297565,0.007110704202204943,0.0022735942620784044,0.006027313880622387,0.0022583352401852608,0.006027313880622387,0.002551898836985894,0.000339582547568143,0.0026653692058421297,0.0008113980670430952,0.0068818191066384315,0.0076752882450819016,681.875045376482,687.5682917661636,650.2651859301542,645.7972461970737,0.0,0.0,687.2049746660525,645.6431137724551,0,668.0,704.0,706.0,646.0,0.0,0.0,3
4,1,Trial1_4-0002.tif,Trial1_4-0001.tif,/Users/Maddie/Downloads/Day3_N2_Vimentin_231/A/A_FIP,/Users/Maddie/Downloads/Day3_N2_Vimentin_231/A/A_FIP,52466,153791,669,650,328,199,483.0665002096596,419.9383982007395,152.45759128816903,74009,0.8980642014616842,258.4604146751975,-709,0.34115130274203304,0.006559201096846935,423.6964269376039,509.8676298805407,47.01063709417264,8.106591921983348,4.123105625617661,200.06133787654315,186.36897445601198,33.826796908748506,10025.786140273345,0.7089137807563944,40.486427585128695,59.612605010624975,282.6007664347999,346.87906298367307,0.0028381780721247196,0.00633249431848526,0.0018768594600260258,0.00022888509556651115,15.158157717319117,0.39308872315449944,0.024795910343527794,0.007324330508708954,0.030914777889847755,0.009430075995624065,0.004342173700678753,0.00639345828084781,0.005386360050981586,0.006611501981924924,0.004440375603735447,0.006530861370265484,0.002243076218292117,0.005951018538326025,0.002243076218292117,0.005951018538326025,0.0023243268159547034,0.00018538644886385782,0.0032589669180141632,0.00037840001596610597,0.00679026497527957,0.00680552376434207,490.44411846199887,483.43993262995576,406.6967784242216,419.8156506071054,0.0,0.0,483.0665002096596,419.9383982007395,0,523.0,413.0,388.0,476.0,0.0,0.0,1
4,2,Trial1_4-0002.tif,Trial1_4-0001.tif,/Users/Maddie/Downloads/Day3_N2_Vimentin_231/A/A_FIP,/Users/Maddie/Downloads/Day3_N2_Vimentin_231/A/A_FIP,8051,14950,392,688,262,573,328.2844367159359,625.4623028195256,24.83963791743321,11074,0.4062743877627473,101.2464891967262,-90,0.5385284280936455,0.04025823578121362,110.62001508369616,132.94359706281458,28.442925306655784,6.7739884129474355,4.47213595499958,105.74982132864459,101.07916343660803,-70.62404318539937,1585.2672067735082,0.7270182409246885,8.631265867035836,9.515221048146486,48.2891286292579,53.5976204960607,0.00379949645139277,0.00634775310754776,0.0018616006709635258,0.00024414435029029846,4.5680520915810385,0.2125122915728466,0.0238040741533041,0.007156481500715017,0.0238040741533041,0.00952162966132164,0.005804482761960885,0.006398938162842291,0.0059979044378658435,0.0066572625134841265,0.005462729837745428,0.006561379414051771,0.002288853283971548,0.005981536582112312,0.0022735942620784044,0.005951018538326025,0.0029787548215179397,0.00018381504999515077,0.002864240088957638,0.0004225202526633103,0.007644770201295614,0.006866559851914644,328.36989624615296,328.2257211304529,630.0295554488524,625.2580628770781,0.0,0.0,328.2844367159359,625.4623028195256,0,289.0,322.0,633.0,601.0,0.0,0.0,2
4,3,Trial1_4-0002.tif,Trial1_4-0001.tif,/Users/Maddie/Downloads/Day3_N2_Vimentin_231/A/A_FIP,/Users/Maddie/Downloads/Day3_N2_Vimentin_231/A/A_FIP,11274,21315,569,764,422,619,495.47738158594996,686.246318963988,73.94968417287298,16019,0.47247916107263477,119.81027763653762,-217,0.5289232934553132,0.01352270819253655,138.67781621546877,154.0194792875239,25.942243542145693,4.862232761799163,2.23606797749979,136.27651612262656,122.2225619793934,-27.622389412767703,3236.772003600252,0.7037892502653099,17.491981628583744,19.32446819357574,68.99450767482631,74.56218942441046,0.003906309604644775,0.006317235063761473,0.0018463414162397385,0.00021362630650401115,2.249145247479448,0.27001021379671614,0.02207980491220951,0.007431143894791603,0.022796979174017906,0.009903104975819588,0.005786298917824593,0.006392480381599649,0.006119789575556706,0.0066136410701091415,0.005569543223828077,0.0065003433264791965,0.002288853283971548,0.0060120546258986,0.002288853283971548,0.0059967958368361,0.002814062045559339,0.0001827583144862143,0.002899857391641698,0.0004301518434859623,0.007736324332654476,0.006775005720555782,494.3545782414755,495.5259462205344,688.1951563081233,685.9807121270612,0.0,0.0,495.47738158594996,686.246318963988,0,499.0,495.0,686.0,682.0,0.0,0.0,3
4,4,Trial1_4-0002.tif,Trial1_4-0001.tif,/Users/Maddie/Downloads/Day3_N2_Vimentin_231/A/A_FIP,/Users/Maddie/Downloads/Day3_N2_Vimentin_231/A/A_FIP,14725,27531,245,794,74,633,154.4360611205433,716.1732427843802,31.958893797650465,19088,0.6366752969656484,136.92498784453213,-142,0.5348516218081435,0.031290194408215635,162.23798257972197,170.84788555905513,40.01249804748511,9.959484163404406,6.4031242374328485,142.96244915068468,125.10690048862143,-62.68371249046909,2431.803353424079,0.7714270746018441,10.808041628915817,14.698695624712855,77.01603825669736,99.93582224613056,0.00317387655377388,0.006378271151334047,0.0016479743644595146,0.0003051804378628731,4.319915351394634,0.5674944793334227,0.018265049904584885,0.007156481500715017,0.04466315731406212,0.011810483410954475,0.0047032383067518784,0.006396299227464253,0.005230291222865695,0.0067868130557643845,0.004669260699301958,0.006637674756348133,0.0022583352401852608,0.0059967958368361,0.0022583352401852608,0.005951018538326025,0.002550887394183245,0.000186343129783522,0.00260273244592905,0.0005808239085854012,0.006649118848145008,0.007034409325569868,155.63150301131603,153.8890958515703,720.3244579473176,716.3245007713139,0.0,0.0,154.4360611205433,716.1732427843802,0,143.0,122.0,758.0,737.0,0.0,0.0,4
4,5,Trial1_4-0002.tif,Trial1_4-0001.tif,/Users/Maddie/Downloads/Day3_N2_Vimentin_231/A/A_FIP,/Users/Maddie/Downloads/Day3_N2_Vimentin_231/A/A_FIP,9238,34592,1024,1024,836,840,916.2803637150898,965.5922277549253,51.07364053858802,21659,0.8749962526701525,108.4536164185567,-143,0.2670559666975023,0.01957957156479697,262.7551567899855,241.89667215569543,15.556349186104045,3.4445590011493024,2.23606797749979,139.50183667813434,127.20757289400402,41.418752231093926,2434.962732990513,0.42652015328500853,10.108476519584656,13.891676456667483,41.79856619425118,60.80674555711448,0.0026550698094069958,0.006317235063761473,0.0014648661017417908,0.00021362630650401115,8.332373214630937,0.3624405262027435,0.017975127324461937,0.00712596345692873,0.01881437376141548,0.009201190434396267,0.0046497132104805225,0.006389915573444104,0.004524633707972633,0.006582241346299467,0.00395208690315485,0.0065003433264791965,0.0022735942620784044,0.006027313880622387,0.002243076218292117,0.005920500494539738,0.002397169020186042,0.0001866142588166525,0.002230806704737213,0.0003621416097925526,0.005653467727825046,0.006759746931493282,912.5057224755482,916.5497795412948,958.1638681176534,965.8346700111935,0.0,0.0,916.2803637150898,965.5922277549253,0,870.0,993.0,888.0,1014.0,0.0,0.0,5
5,1,Trial1_5-0002.tif,Trial1_5-0001.tif,/Users/Maddie/Downloads/Day3_N2_Vimentin_231/A/A_FIP,/Users/Maddie/Downloads/Day3_N2_Vimentin_231/A/A_FIP,3605,6972,198,150,114,67,153.69486823855755,111.40249653259362,13.541347082525306,4796,0.7290687504587825,67.74974951075659,-41,0.5170682730923695,0.07384789666092152,85.37350557794466,95.13148795220224,18.110770276274835,4.62645056840358,3.1622776601683795,66.17047400006268,58.433082291464274,53.756293192684,783.2285348059958,0.7516680567139282,4.685664211399853,5.098497064784169,24.072144996142015,27.07661596313119,0.004165713209658861,0.007003891281783581,0.0021210042759776115,0.0004119938239455223,3.5310358619870112,0.24025266573960422,0.027512015774846077,0.008651865646243095,0.027512015774846077,0.010818646289408207,0.006553376519440354,0.007130765125572264,0.006677432731246051,0.007510850475209762,0.006057831924408674,0.007400625851005316,0.0023041123058646917,0.006149386055767536,0.002288853283971548,0.006042572669684887,0.003520067837148558,0.0004109081722403796,0.0032926064062064717,0.0006972200997540084,0.008545052260160446,0.007858396507799625,153.9882255422531,153.47306230963238,107.88366778555195,111.3101738740063,0.0,0.0,153.69486823855755,111.40249653259362,0,177.0,168.0,91.0,129.0,0.0,0.0,1
5,2,Trial1_5-0002.tif,Trial1_5-0001.tif,/Users/Maddie/Downloads/Day3_N2_Vimentin_231/A/A_FIP,/Users/Maddie/Downloads/Day3_N2_Vimentin_231/A/A_FIP,6013,14040,456,219,339,99,406.7969399634126,155.78430068185597,14.908500106979755,8719,0.7456677849438716,87.49851074442658,-58,0.42827635327635327,0.06707582874361903,116.9742093229538,126.53062870309307,24.698178070456937,6.9731290255279115,5.0,87.84002764143229,77.94201044386567,60.70484870235115,1061.3717164502532,0.6896433077187751,6.874952411279082,6.926787324715406,43.35883172508329,46.126772650983185,0.004623483866453171,0.007080186158418655,0.002197299152612686,0.0005035474896430969,5.696312787704001,0.4921230196715702,0.026428626850247383,0.00872816052287817,0.026428626850247383,0.012405584566295147,0.007065727041396796,0.007119000333726008,0.007210848449207267,0.007671174563609377,0.006607156712561846,0.007507438771426678,0.002288853283971548,0.006149386055767536,0.002288853283971548,0.0060883499681949615,0.0035273515898286544,0.00040486328383927114,0.003430714908642006,0.0008256504565449178,0.009155413135886192,0.008117799647152424,402.4777339577545,407.0530279020571,152.0704833928598,155.36405785422951,0.0,0.0,406.7969399634126,155.78430068185597,0,392.0,416.0,113.0,146.0,0.0,0.0,2
5,3,Trial1_5-0002.tif,Trial1_5-0001.tif,/Users/Maddie/Downloads/Day3_N2_Vimentin_231/A/A_FIP,/Users/Maddie/Downloads/Day3_N2_Vimentin_231/A/A_FIP,4051,6699,773,280,686,203,730.6361392248828,239.47000740557888,18.340662248340898,5197,0.6730966826104255,71.81847530908843,-67,0.6047171219585012,0.05452365822234474,87.67515318558743,92.84934033152847,15.811388300841896,4.010360934406901,2.8284271247461903,67.42490376010056,64.84055392179748,66.51412641584115,966.2590180780452,0.7794881662497595,4.221072769491002,6.200274762231857,19.67614278686233,29.956222309730947,0.003036545356735587,0.006958113983273506,0.0014496068470180035,0.00038910494185984135,1.9961281587316062,0.3178976413435149,0.013900969177484512,0.008453498594462872,0.016937514767050743,0.010727092623710632,0.004829602711088103,0.007094135883560477,0.0048571075751326406,0.00739477223148135,0.004379339516162872,0.00730144209228456,0.0022583352401852608,0.006164644844830036,0.0022583352401852608,0.0061036087572574615,0.002156135011602223,0.000419259181126128,0.0022577916004921277,0.0006323527060427893,0.006042572669684887,0.007751583121716976,732.3847741449135,730.6188186539854,240.43271376918628,239.1525819683569,0.0,0.0,730.6361392248828,239.47000740557888,0,741.0,734.0,260.0,233.0,0.0,0.0,3
5,4,Trial1_5-0002.tif,Trial1_5-0001.tif,/Users/Maddie/Downloads/Day3_N2_Vimentin_231/A/A_FIP,/Users/Maddie/Downloads/Day3_N2_Vimentin_231/A/A_FIP,9268,25578,672,517,546,314,596.0057186016401,416.50571860164007,30.0787962864044,17712,0.9186564755124879,108.62957286395583,-98,0.3623426382047072,0.03324601125916729,212.08365482265071,202.20039564748632,22.20360331117452,4.950861303411573,3.605551275463989,105.30130669930941,83.78519865626564,10.477470245341863,1871.6652224137047,0.5232610659439928,8.37607397697866,12.277638107538223,45.108858523191884,70.04176498902962,0.003082322422415018,0.007003891281783581,0.0014648661017417908,0.0004577706567943096,0.6982095781112698,1.301173775480012,0.01741054467856884,0.008529793471097946,0.019378958269953728,0.012527656741440296,0.004847265032973762,0.0071051146455661015,0.0048671621194639495,0.007557376455441262,0.00442511634901166,0.007415884640067816,0.0022735942620784044,0.006164644844830036,0.0022583352401852608,0.0060883499681949615,0.0022087338528452324,0.00039706168869132607,0.002236671261585903,0.0007769196359791074,0.006073090713471174,0.0079499501734972,596.6970045083546,596.0413126992744,416.40763491214864,415.20503176223156,0.0,0.0,596.0057186016401,416.50571860164007,0,599.0,585.0,406.0,360.0,0.0,0.0,4
5,5,Trial1_5-0002.tif,Trial1_5-0001.tif,/Users/Maddie/Downloads/Day3_N2_Vimentin_231/A/A_FIP,/Users/Maddie/Downloads/Day3_N2_Vimentin_231/A/A_FIP,3747,6205,518,506,445,421,479.0080064051241,461.08566853482785,7.053000908146779,4686,0.6124046245285631,69.07118483219072,-29,0.6038678485092667,0.14178361991204624,79.01165922540613,84.87638069569178,24.041630560342615,7.793378499409168,6.082762530298219,68.89297046368624,62.46223110613686,-15.418675438200104,576.2802666341051,0.7996158770806658,2.752819138811901,4.035034776199609,17.554207919863984,28.44199326308444,0.002944991225376725,0.007080186158418655,0.0014190890360623598,0.0004577706567943096,1.6260835282051818,0.09597843806470775,0.015396352857351303,0.008682383224368095,0.015396352857351303,0.010803387500345707,0.004863638054437988,0.007129036707066447,0.004684870007970105,0.007590604020038549,0.004242008086293936,0.007507438771426678,0.0023041123058646917,0.006118868011981249,0.0022735942620784044,0.006118868011981249,0.0022960464093946804,0.00040362050267720497,0.002124392853509037,0.0007022247670418034,0.005859464406967163,0.0079995421692729,480.61305095084543,478.9819399373105,461.3463976029242,460.99329754463577,0.0,0.0,479.0080064051241,461.08566853482785,0,510.0,460.0,480.0,445.0,0.0,0.0,5
5,6,Trial1_5-0002.tif,Trial1_5-0001.tif,/Users/Maddie/Downloads/Day3_N2_Vimentin_231/A/A_FIP,/Users/Maddie/Downloads/Day3_N2_Vimentin_231/A/A_FIP,19349,37168,358,753,156,569,263.0702361879167,655.4883973331955,16.491353552326316,23456,0.810268036735787,156.95831278107147,-106,0.5205822212656048,0.06063783647758478,214.32603016416076,216.8985938174796,36.76955262170047,10.605376537645657,9.0,133.49857366393724,125.60780079127414,53.98266286818865,2002.453064998635,0.824906207366985,8.202029560226947,12.972533975262195,102.69442422245629,150.70678488630801,0.0031433585099875927,0.00714122224599123,0.0017700465396046638,0.0005340659990906715,6.762735322057947,0.4124877294463086,0.01599145494401455,0.00871290173381567,0.022644389420747757,0.013687342405319214,0.004489342944842336,0.00710045647250257,0.005307479674528725,0.0077888668606288704,0.004699778743088245,0.007629510946571827,0.002243076218292117,0.006118868011981249,0.002243076218292117,0.006118868011981249,0.0021907982626034467,0.00040356057638559595,0.0027219789868625993,0.000888003068217267,0.006775005720555782,0.008255130611360073,259.3646664238381,263.4722127413312,649.831247718791,655.3958717829471,0.0,0.0,263.0702361879167,655.4883973331955,0,270.0,297.0,654.0,655.0,0.0,0.0,6
5,7,Trial1_5-0002.tif,Trial1_5-0001.tif,/Users/Maddie/Downloads/Day3_N2_Vimentin_231/A/A_FIP,/Users/Maddie/Downloads/Day3_N2_Vimentin_231/A/A_FIP,32069,64889,1024,1024,837,677,938.8947269949172,833.909071065515,53.46466538284021,47199,0.9238134152102178,202.06810475706436,-288,0.4942131948404198,0.018703941993078586,379.28856888154485,357.76668374794207,37.33630940518894,8.241085557020357,5.656854249492381,170.37678583885693,145.20797913850902,14.28509313747703,4641.742745817479,0.6794423610669718,22.316808111499995,29.350561240687966,175.76040517608635,271.40932682016864,0.003219653619453311,0.007110704202204943,0.0017700465396046638,0.0006408789195120335,13.352348793364005,14.43493629602734,0.02249179780483246,0.008896009996533394,0.025925077497959137,0.024658579379320145,0.005402277441660614,0.0071049530962691764,0.005480694913345797,0.008463292488701507,0.004791332874447107,0.007629510946571827,0.002243076218292117,0.0060883499681949615,0.002243076218292117,0.006027313880622387,0.002798083454546396,0.00039430601376275437,0.002934259619758957,0.002505986667275212,0.0068970778957009315,0.00860608834773302,942.4445323290889,943.5720537754296,821.0372374591816,847.5652052204898,0.0,0.0,938.8947269949172,833.909071065515,0,981.0,983.0,724.0,1012.0,0.0,0.0,7
5,8,Trial1_5-0002.tif,Trial1_5-0001.tif,/Users/Maddie/Downloads/Day3_N2_Vimentin_231/A/A_FIP,/Users/Maddie/Downloads/Day3_N2_Vimentin_231/A/A_FIP,5907,10918,863,1024,760,918,814.7975283561876,982.9217877094972,12.108702643261164,7873,0.6258567274132456,86.7238490309938,-41,0.5410331562557245,0.08258523059499924,104.49190970305001,115.12167476196652,29.68164415931166,8.183970669041136,6.0,84.22362254152874,81.49721595386067,-29.765205956732338,948.0630585851518,0.7502857868665058,3.704356503672898,5.8619669787585735,23.740047588944435,46.94720447156578,0.00238040741533041,0.007156481500715017,0.0011139085981994867,0.0006256196647882462,2.8642412009682165,1.0961213367852454,0.01518272701650858,0.009292744100093842,0.034287020564079285,0.015320057980716228,0.00450651642782591,0.0071313466894873155,0.004018968611637792,0.007947723797454847,0.003479056991636753,0.0076905470341444016,0.002288853283971548,0.0061799040995538235,0.0022583352401852608,0.0061799040995538235,0.002130129557538994,0.0004035107286335261,0.0018974608352717774,0.0010783075594694544,0.0049897003918886185,0.008499274961650372,812.091743525693,814.7309779885021,981.9823165239949,984.01588689765,0.0,0.0,814.7975283561876,982.9217877094972,0,817.0,796.0,1023.0,1001.0,0.0,0.0,8
6,1,Trial1_6-0002.tif,Trial1_6-0001.tif,/Users/Maddie/Downloads/Day3_N2_Vimentin_231/A/A_FIP,/Users/Maddie/Downloads/Day3_N2_Vimentin_231/A/A_FIP,2063,5270,384,152,322,67,351.282113427048,104.58070770722249,13.175092688015178,3358,0.86973183343364,51.251274918665594,-26,0.39146110056926,0.07590079430026762,82.94195629957997,97.94386147176351,14.317821063276353,3.8102609611788174,2.23606797749979,50.20036775838323,40.933896403170344,-37.51412111928256,584.4284989122459,0.6143537820131031,3.1044785629492253,4.243976559955627,11.47084779618308,16.804226976819336,0.003479056991636753,0.007614252157509327,0.0017242694739252329,0.0004882887005805969,3.186256718456706,0.12792592436857428,0.019867246970534325,0.009872587397694588,0.019867246970534325,0.011856259778141975,0.0057597004878464295,0.00787379695724606,0.005560275228397033,0.00814552931498756,0.005065995268523693,0.00807202234864235,0.0022735942620784044,0.006256198976188898,0.0022735942620784044,0.006256198976188898,0.0029753730533996683,0.0005550929045098908,0.002721904563160384,0.0007476523000763322,0.006942855194211006,0.00859082955867052,353.5524049476845,351.19513742323744,102.34508513459616,104.48689823602314,0.0,0.0,351.282113427048,104.58070770722249,0,380.0,331.0,106.0,104.0,0.0,0.0,1
6,2,Trial1_6-0002.tif,Trial1_6-0001.tif,/Users/Maddie/Downloads/Day3_N2_Vimentin_231/A/A_FIP,/Users/Maddie/Downloads/Day3_N2_Vimentin_231/A/A_FIP,4259,8217,466,301,367,218,416.09908429208735,255.25381544963608,7.4187416476551515,5502,0.6860022480408152,73.63916906801066,-23,0.5183156869903858,0.13479374906067404,88.96691651697103,99.29753269845128,26.627053911388696,8.598951766341896,7.0710678118654755,70.09782866648827,64.73227683851046,-64.58695450289534,630.120887067671,0.7740821519447474,4.060135868377984,4.815426936838776,26.73690433986485,37.6923785796389,0.004135195165872574,0.0079346913844347,0.0018158238381147385,0.0007705804891884327,1.813430769538461,0.3256744237203845,0.01925688609480858,0.00961318425834179,0.021118486300110817,0.014343480579555035,0.006612599134166097,0.007842714880844912,0.006277742272802265,0.008850053669790772,0.0057984283193945885,0.008628976996988058,0.0023041123058646917,0.006469825282692909,0.0022735942620784044,0.006469825282692909,0.003109654736584743,0.0005262132601308225,0.002851871773643012,0.001236701503893127,0.007907988503575325,0.009525444358587265,416.27746499413763,415.94801573067406,257.05845155728906,254.96529834439252,0.0,0.0,416.09908429208735,255.25381544963608,0,406.0,408.0,284.0,250.0,0.0,0.0,2
6,3,Trial1_6-0002.tif,Trial1_6-0001.tif,/Users/Maddie/Downloads/Day3_N2_Vimentin_231/A/A_FIP,/Users/Maddie/Downloads/Day3_N2_Vimentin_231/A/A_FIP,8766,18120,524,461,404,310,467.7567875884098,390.82146931325576,7.969641575600118,11401,0.787018907171873,105.64666511134385,-35,0.4837748344370861,0.1254761573044393,140.4066208219846,176.67201249773547,41.677331968349414,12.592452095929879,10.0,89.2,86.62089896140992,-35.24124221087,936.9686501761735,0.7688799228137883,4.242435393622145,6.732188995461911,38.472282470203936,102.49195176642388,0.002609292743727565,0.008499274961650372,0.0013885712251067162,0.002639811486005783,3.597819104693642,1.4512302029672524,0.01873807981610298,0.009872587397694588,0.019699396565556526,0.0237735565751791,0.004950333014728291,0.00785552974966384,0.004388807035159016,0.011691986284100375,0.0038452735170722008,0.010757610201835632,0.002288853283971548,0.006561379414051771,0.0022583352401852608,0.006317235063761473,0.002734349808450279,0.0005714175864431166,0.002138335406516338,0.003640482568647234,0.005416953004896641,0.014557107351720333,469.04736521204217,468.2356462308903,387.4630899857411,389.45151913075784,0.0,0.0,467.7567875884098,390.82146931325576,0,498.0,464.0,327.0,394.0,0.0,0.0,3
6,4,Trial1_6-0002.tif,Trial1_6-0001.tif,/Users/Maddie/Downloads/Day3_N2_Vimentin_231/A/A_FIP,/Users/Maddie/Downloads/Day3_N2_Vimentin_231/A/A_FIP,3624,6804,323,409,239,328,282.003587196468,371.61506622516555,6.682566328473059,4685,0.7465484925557224,67.92805098131574,-16,0.5326278659611993,0.14964310877681872,86.4481406958285,99.35793878699377,25.0,7.439555593075459,6.0,61.340540018090664,57.51662846261832,-50.7728517091855,551.6589462905454,0.7735325506937033,2.3274891548790038,4.0811780584044755,15.618082135450095,32.360433768481016,0.0025787746999412775,0.007965209893882275,0.0013427939265966415,0.00079346913844347,2.373795755231092,0.24581952251211825,0.013839933089911938,0.010910200886428356,0.01899748295545578,0.01519798580557108,0.0044932223067162234,0.00787872212047196,0.004309625313314044,0.008929479516689022,0.003784237429499626,0.008667124435305595,0.0023041123058646917,0.0065003433264791965,0.0022583352401852608,0.006301976274698973,0.002148394720968622,0.0005476114980957663,0.00203554869405222,0.0013101539005854418,0.005416953004896641,0.00964370183646679,279.6348151396021,281.83801227401545,371.46071198918736,371.7967587751034,0.0,0.0,282.003587196468,371.61506622516555,0,306.0,281.0,369.0,374.0,0.0,0.0,4
6,5,Trial1_6-0002.tif,Trial1_6-0001.tif,/Users/Maddie/Downloads/Day3_N2_Vimentin_231/A/A_FIP,/Users/Maddie/Downloads/Day3_N2_Vimentin_231/A/A_FIP,2898,7298,546,679,457,597,507.7895100069013,632.0555555555555,9.88704187113274,4882,0.7112053434009067,60.744120708448,-14,0.3970950945464511,0.10114248660357215,82.9261515194311,99.84988733093293,18.973665961010276,5.035706778409234,3.605551275463989,68.4,58.295784551781296,49.095179133484564,600.0498192558055,0.5936091765669808,3.28023197571747,4.399069264531136,17.349843837786466,24.910109426360577,0.0037689784076064825,0.007797360420227051,0.0018768594600260258,0.0006561381742358208,2.263682072197992,0.6204266041791489,0.018661784008145332,0.009475852362811565,0.021820401772856712,0.01347371656447649,0.005899697798053004,0.007911995080091971,0.0059868336224245915,0.008595620920069212,0.0053864349611103535,0.008346685208380222,0.002288853283971548,0.006698710843920708,0.002288853283971548,0.006378271151334047,0.0029588539879027514,0.0005088584246873558,0.0029146168464337127,0.0011516386107941119,0.00758373411372304,0.009155413135886192,507.513249536853,507.84209156710904,634.302316930664,631.4373611276452,0.0,0.0,507.7895100069013,632.0555555555555,0,508.0,514.0,637.0,623.0,0.0,0.0,5
6,6,Trial1_6-0002.tif,Trial1_6-0001.tif,/Users/Maddie/Downloads/Day3_N2_Vimentin_231/A/A_FIP,/Users/Maddie/Downloads/Day3_N2_Vimentin_231/A/A_FIP,10477,23345,430,762,269,617,356.43285291591104,683.9064617734084,12.37026587223912,15098,0.6780402236889821,115.49775197028859,-49,0.44878989076890125,0.08083900623705768,149.7019696459189,166.48123017325406,30.805843601498726,9.895635494113183,8.0,128.13429599533055,110.0346601402198,67.12855016871276,1276.1828996322963,0.6939329712544708,6.373830860713497,9.553902625571936,48.56389778875746,104.8142531174235,0.0027618829626590014,0.00807202234864235,0.0014648661017417908,0.0011749444529414177,4.286397895994407,1.8979000491887092,0.03028915822505951,0.010269321501255035,0.03028915822505951,0.025040054693818092,0.005258936353724007,0.007882757941891036,0.004635286607688981,0.010004223834821371,0.004089417867362499,0.008972304873168468,0.002288853283971548,0.0064850845374166965,0.002243076218292117,0.006301976274698973,0.0027898499505745918,0.0005493247383355564,0.002325220087923835,0.0027941799859692524,0.005767910275608301,0.011139086447656155,356.06085302967176,356.45489824178605,688.1766869439847,682.0086897638357,0.0,0.0,356.43285291591104,683.9064617734084,0,285.0,355.0,676.0,661.0,0.0,0.0,6
6,7,Trial1_6-0002.tif,Trial1_6-0001.tif,/Users/Maddie/Downloads/Day3_N2_Vimentin_231/A/A_FIP,/Users/Maddie/Downloads/Day3_N2_Vimentin_231/A/A_FIP,2225,3942,978,846,905,792,943.7006741573034,815.5056179775281,4.838518993688786,2673,0.7623416953319757,53.225538860924054,-8,0.5644342973110097,0.20667481130163362,67.78696238490198,74.73285756613352,19.849433241279208,6.420479913348639,5.385164807134504,47.56801611592857,43.870009519297604,65.85235252978248,367.8122292025696,0.8323980546202768,2.07438775873743,2.6203097966499627,13.089769014157355,19.727886105887592,0.003784237429499626,0.0079346913844347,0.0018158238381147385,0.00076295156031847,1.3758072291562777,0.3332262277796856,0.018204012885689735,0.009567406959831715,0.01882963255047798,0.014511330053210258,0.006248155899811536,0.007892499387499887,0.005883042253553867,0.008866465665567458,0.005447471048682928,0.00862134713679552,0.0023041123058646917,0.0065918974578380585,0.0022735942620784044,0.006424048449844122,0.0028793856920881645,0.0005362318551592984,0.0027083356521848986,0.001236259469253457,0.00747692072764039,0.009582665748894215,942.3289712008774,943.8494168449835,815.6118089900046,815.2074312378129,0.0,0.0,943.7006741573034,815.5056179775281,0,932.0,951.0,823.0,807.0,0.0,0.0,7
6,8,Trial1_6-0002.tif,Trial1_6-0001.tif,/Users/Maddie/Downloads/Day3_N2_Vimentin_231/A/A_FIP,/Users/Maddie/Downloads/Day3_N2_Vimentin_231/A/A_FIP,4582,7760,787,954,690,874,737.4314709733741,916.1333478830205,12.977779205596772,5889,0.731822347360699,76.38051841913955,-41,0.5904639175257732,0.07705478604295733,96.33081145671883,99.92497185388645,22.360679774997898,6.922726141704859,5.0,73.56176159418673,65.64900995224426,82.30267747497604,864.4356415871823,0.7780607913058244,2.5104142983909696,6.340550935361534,14.634592312388122,39.906889949925244,0.0023498893715441227,0.00782787799835205,0.00012207217514514923,0.0007476918399333954,0.3621596411168917,0.41453944252682023,0.009857328608632088,0.009781032800674438,0.013107500039041042,0.015442130155861378,0.003110798387101573,0.007856940440348865,0.0031939311026600004,0.008709491477504418,0.002426184481009841,0.008468757383525372,0.0022583352401852608,0.006454566493630409,0.0022583352401852608,0.006393530406057835,0.0011892506161642305,0.0005271367307838647,0.0012700179203748256,0.0011938133263541706,0.0037232013419270515,0.00936903990805149,737.759925682386,737.785458860238,916.2859162604184,916.3490688262876,0.0,0.0,737.4314709733741,916.1333478830205,0,752.0,751.0,918.0,907.0,0.0,0.0,8
7,1,Trial1_7-0002.tif,Trial1_7-0001.tif,/Users/Maddie/Downloads/Day3_N2_Vimentin_231/A/A_FIP,/Users/Maddie/Downloads/Day3_N2_Vimentin_231/A/A_FIP,4393,12103,241,360,108,269,164.46847256999772,309.52606419303436,11.496922274815297,6440,0.9446012187584573,74.78864432533571,-31,0.3629678592084607,0.08697979999313037,142.62068851388818,144.5856147754679,19.924858845171276,5.980144929488139,4.47213595499958,55.912543503721835,46.81099912768611,-60.697922396096224,796.6660889654818,0.6821428571428572,3.0123140688519925,5.8551614340394735,17.631800018483773,38.07281653955579,0.0024109254591166973,0.007858396507799625,0.001174944918602705,0.0007019150070846081,0.4403337646359354,1.0633499373755255,0.013122758828103542,0.010070954449474812,0.015365835279226303,0.013717860914766788,0.004037954515887389,0.007848741868685621,0.0040136125696525774,0.008666700782962847,0.003570611122995615,0.008484016172587872,0.0022735942620784044,0.006225680932402611,0.002243076218292117,0.006225680932402611,0.001868696655680404,0.0005299547641135959,0.001787905937484686,0.0011115834046238132,0.0049134050495922565,0.009308003820478916,164.0708628269297,163.44826226172404,309.715273908683,309.8258708243964,0.0,0.0,164.46847256999772,309.52606419303436,0,150.0,141.0,300.0,312.0,0.0,0.0,1
7,2,Trial1_7-0002.tif,Trial1_7-0001.tif,/Users/Maddie/Downloads/Day3_N2_Vimentin_231/A/A_FIP,/Users/Maddie/Downloads/Day3_N2_Vimentin_231/A/A_FIP,15165,26228,466,561,300,403,395.5792284866469,475.2946917243653,10.661437809058135,19114,0.5164854678362409,138.95566809565108,-50,0.5781988714351075,0.09379597929562403,159.00385414146328,176.23280057923384,50.99019513592785,14.0963724170138,10.0,152.16467389914328,136.15435703461597,61.937055311526194,1425.3910524340095,0.7933975096787695,4.073106008116156,10.006439446471632,48.64316816511564,161.35987049760297,0.0023498893715441227,0.008392462506890297,0.00010681315325200558,0.001922636292874813,1.7222065319730047,4.802406127860289,0.011032273061573505,0.010116731747984886,0.013962005265057087,0.022613869979977608,0.003199611946674121,0.007860518025507959,0.00320759433993509,0.010640281602215824,0.0024109254591166973,0.010070954449474812,0.002243076218292117,0.00634775310754776,0.002243076218292117,0.00634775310754776,0.001331972994882135,0.0005736875729442565,0.0012961698445898998,0.002644287206939311,0.003738460363820195,0.012497139163315296,393.9682909305603,400.36792717580016,474.68569621604024,475.65727892961667,0.0,0.0,395.5792284866469,475.2946917243653,0,400.0,417.0,489.0,471.0,0.0,0.0,2
7,3,Trial1_7-0002.tif,Trial1_7-0001.tif,/Users/Maddie/Downloads/Day3_N2_Vimentin_231/A/A_FIP,/Users/Maddie/Downloads/Day3_N2_Vimentin_231/A/A_FIP,6567,10767,670,514,559,417,607.7752398355414,467.47099132023754,9.211616431770832,8523,0.6496434414323671,91.44049480550625,-30,0.6099191975480636,0.10855858007189743,111.90749732676504,139.17614738165446,29.546573405388315,8.956843639946468,7.0710678118654755,91.50175491997203,85.07644841479751,-55.49776182418575,871.8792924010783,0.7705033438929955,3.5698329624719918,6.429999326355755,29.234439980471507,63.66187608987093,0.0027161058969795704,0.008102540858089924,0.0013733119703829288,0.0012359805405139923,2.4518836746326635,1.3734262229673087,0.013824674300849438,0.009781032800674438,0.019378958269953728,0.01915007270872593,0.004374795297147049,0.007879901135239896,0.00445171919909723,0.009694209850749341,0.003936827648431063,0.009109635837376118,0.0022735942620784044,0.006515602581202984,0.0022583352401852608,0.006408789195120335,0.002061115895549301,0.0005481629476235678,0.002085914777804344,0.0020901959601614803,0.00555428396910429,0.010894942097365856,606.11582828889,607.9115151495978,465.6659741810473,468.8376400054208,0.0,0.0,607.7752398355414,467.47099132023754,0,573.0,612.0,453.0,486.0,0.0,0.0,3
7,4,Trial1_7-0002.tif,Trial1_7-0001.tif,/Users/Maddie/Downloads/Day3_N2_Vimentin_231/A/A_FIP,/Users/Maddie/Downloads/Day3_N2_Vimentin_231/A/A_FIP,6040,12317,726,690,613,581,674.6365894039735,628.4793046357615,8.850305892272482,8700,0.7414734419451839,87.69473673032141,-23,0.49037915076723226,0.11299044486961018,119.31847076905699,131.59027319676784,27.16615541441225,8.133276439984328,6.324555320336759,92.78303150957605,80.06057198874277,-59.392025066049094,819.6011178080263,0.6942528735632184,3.317906506592408,5.93199062673375,26.642252581426874,58.817777449730784,0.0027161058969795704,0.00805676355957985,0.0013580531813204288,0.0010376134887337685,1.4982851531647314,2.6173197184138655,0.015548943541944027,0.010070954449474812,0.015548943541944027,0.02215610072016716,0.004400406507416987,0.007867361573917441,0.0044109689704349125,0.009738042624127613,0.003936827648431063,0.008926527574658394,0.0022735942620784044,0.0064850845374166965,0.0022583352401852608,0.006271458230912685,0.0021151828507134747,0.0005636561546954633,0.0020063679920232012,0.0025285304785462124,0.005493247881531715,0.01043717097491026,673.3441924273108,677.1236963751408,629.2373075743487,627.6640369359418,0.0,0.0,674.6365894039735,628.4793046357615,0,663.0,700.0,652.0,621.0,0.0,0.0,4
7,5,Trial1_7-0002.tif,Trial1_7-0001.tif,/Users/Maddie/Downloads/Day3_N2_Vimentin_231/A/A_FIP,/Users/Maddie/Downloads/Day3_N2_Vimentin_231/A/A_FIP,6150,20224,1024,746,896,588,966.550731707317,688.4944715447155,13.10698557942978,11475,0.9156172947716502,88.48967849484623,-26,0.3040941455696203,0.07629519342490229,183.99021569294106,172.70784579746226,21.2602916254693,6.185827315934585,5.0,80.17576947054845,73.97344172375705,-46.36328940445508,1006.4539315504119,0.5359477124183006,3.6822003966663033,7.037796693854034,23.427207101136446,58.516808497253805,0.0023651483934372663,0.008010986261069775,0.0008545052260160446,0.001098649576306343,6.410020430160411,1.5411417243059073,0.017135880887508392,0.010070954449474812,0.01731899008154869,0.01913481391966343,0.004114190387336652,0.007863459993133,0.0038093019676644626,0.009514928210935579,0.0032043945975601673,0.008896009996533394,0.002288853283971548,0.006286717019975185,0.0022583352401852608,0.006286717019975185,0.0021007427278883677,0.0005633035494016381,0.0018359800826554097,0.0020505765126550895,0.004661631304770708,0.010543984360992908,970.236879828899,967.1523101379424,683.2503630465213,689.9133518096437,0.0,0.0,966.550731707317,688.4944715447155,0,1018.0,989.0,637.0,693.0,0.0,0.0,5
7,6,Trial1_7-0002.tif,Trial1_7-0001.tif,/Users/Maddie/Downloads/Day3_N2_Vimentin_231/A/A_FIP,/Users/Maddie/Downloads/Day3_N2_Vimentin_231/A/A_FIP,2603,6048,767,981,695,897,731.501728774491,933.7698809066462,11.950665643028103,4039,0.6363661528799479,57.56945835202576,-24,0.43039021164021163,0.08367734734369293,71.78696782091748,84.01190391843289,17.4928556845359,4.575273511351913,3.1622776601683795,64.39875775199394,55.37554378322047,4.0211030455453685,625.2274887854692,0.644466452092102,2.6702678315341473,4.608911335002631,10.068833551136777,21.58498541964218,0.0023651483934372663,0.007660028990358114,0.000747692072764039,0.0005493247881531715,4.421080605042869,0.13369182663861554,0.027344167232513428,0.009964141063392162,0.027344167232513428,0.0120393680408597,0.004549008230892926,0.007851637708692728,0.003868165021566184,0.008292349373661998,0.003082322422415018,0.008178835734724998,0.0022735942620784044,0.006698710843920708,0.0022278171963989735,0.006515602581202984,0.002734669894032958,0.0005470849544371699,0.0020784309956464317,0.0008544097068171456,0.004673075512982905,0.00877775251865387,731.2503118046789,731.5288002355263,938.1838069621638,933.6389586376948,0.0,0.0,731.501728774491,933.7698809066462,0,749.0,731.0,959.0,940.0,0.0,0.0,6
8,1,Trial1_8-0002.tif,Trial1_8-0001.tif,/Users/Maddie/Downloads/Day3_N2_Vimentin_231/A/A_FIP,/Users/Maddie/Downloads/Day3_N2_Vimentin_231/A/A_FIP,24117,42602,288,218,50,39,181.80868267197414,131.51527967823526,42.2047053931562,29412,0.7102688811232633,175.23332474269247,-280,0.5661001830899958,0.023694040526631828,216.60935188024087,251.85908758669004,39.6232255123179,8.926152136562475,5.0990195135927845,171.99940563569822,152.4779244007133,-68.33509168701465,3576.407609293685,0.8199714402284781,13.920470150886104,21.847639050800353,102.90744003769942,168.60398534638807,0.0024872205685824156,0.006561379414051771,0.0013427939265966415,0.0003356984816491604,6.168933663378907,1.0018695152449058,0.015579461120069027,0.007644770201295614,0.027725642547011375,0.01187151949852705,0.004215769276464598,0.006616486690127303,0.004267008335933135,0.006991084519069041,0.003738460363820195,0.006866559851914644,0.0022735942620784044,0.006073090713471174,0.0022583352401852608,0.005981536582112312,0.0019691453856474526,0.0002651424819822242,0.002032789671222976,0.0005899647714159691,0.0052948808297514915,0.0072785536758601665,187.96622209015564,180.84516541904023,131.140511941216,131.24073090501682,0.0,0.0,181.80868267197414,131.51527967823526,0,187.0,171.0,123.0,83.0,0.0,0.0,1
8,2,Trial1_8-0002.tif,Trial1_8-0001.tif,/Users/Maddie/Downloads/Day3_N2_Vimentin_231/A/A_FIP,/Users/Maddie/Downloads/Day3_N2_Vimentin_231/A/A_FIP,2686,9702,492,418,394,319,434.20997766195086,370.09307520476546,47.97121831449448,5343,0.9244704086628127,58.480094195877,-33,0.27685013399299113,0.020845832879292342,124.34317268374618,119.63277142990545,13.416407864998739,2.536883809723058,1.4142135623730951,55.66022322483267,47.40630765924037,-36.27734717608608,1272.4722215136417,0.5027138311809844,4.364034537225962,8.174990604165941,9.503776711411774,18.17674556095153,0.0023651483934372663,0.0064850845374166965,0.0005798428319394588,0.00024414435029029846,0.6677102840127789,0.3170927837605409,0.010528725571930408,0.007629510946571827,0.013092241249978542,0.009048599749803543,0.0035451133527424545,0.006640934690630334,0.003538263853839082,0.006767217260220227,0.002914473181590438,0.006713969632983208,0.002243076218292117,0.006027313880622387,0.002243076218292117,0.006027313880622387,0.001531511725724213,0.0002808944627188727,0.0015408140486770935,0.0003963541147873611,0.004257267341017723,0.0069733732379972935,433.55845252420204,434.03487118206385,370.2391985029003,370.3574339651926,0.0,0.0,434.20997766195086,370.09307520476546,0,433.0,424.0,391.0,393.0,0.0,0.0,2
8,3,Trial1_8-0002.tif,Trial1_8-0001.tif,/Users/Maddie/Downloads/Day3_N2_Vimentin_231/A/A_FIP,/Users/Maddie/Downloads/Day3_N2_Vimentin_231/A/A_FIP,10337,37701,659,586,446,409,547.4565154300087,511.6400309567573,142.53705022838378,25098,0.6247612425773493,114.72348135376375,-262,0.27418370865494285,0.007015719761267147,204.6579102887612,222.03603311174518,10.04987562112089,2.0180235343884925,1.4142135623730951,154.56295119579252,159.80013994046368,83.80193883617055,4302.947760557612,0.4118654872898239,16.314198713749647,26.999603730626404,41.274510274874046,69.45803123619407,0.0023956664372235537,0.006454566493630409,0.0011291676200926304,0.00022888556122779846,2.0325829664369888,0.053704773792689446,0.013153277337551117,0.007843137718737125,0.020096132531762123,0.009109635837376118,0.004005450212067186,0.00662892308633106,0.003992890613802268,0.006719360669071691,0.0035095750354230404,0.00666819280013442,0.0022583352401852608,0.005966277793049812,0.002243076218292117,0.005966277793049812,0.0017660850668819565,0.0002761351719256683,0.0017866656600936065,0.0003606558804358449,0.0048981462605297565,0.006927595939487219,549.4862390052292,547.4258123876292,511.53225469014933,511.6840937065213,0.0,0.0,547.4565154300087,511.6400309567573,0,609.0,488.0,543.0,504.0,0.0,0.0,3
8,4,Trial1_8-0002.tif,Trial1_8-0001.tif,/Users/Maddie/Downloads/Day3_N2_Vimentin_231/A/A_FIP,/Users/Maddie/Downloads/Day3_N2_Vimentin_231/A/A_FIP,13278,24600,875,936,725,772,793.6558216598885,851.8279861424913,19.01220374815962,16879,0.6388119010818449,130.02336203541844,-95,0.5397560975609756,0.05259779525015872,154.62443822102261,167.83622970026465,42.01190307520001,11.434321209250724,8.06225774829855,129.93095298396102,118.96231455519951,35.14353775198568,1781.0966799187809,0.7866579773683275,13.662134893471375,11.142763609532267,95.62206569174305,97.38169066281989,0.0037232013419270515,0.00668345158919692,0.0025177388451993465,0.0005340655334293842,12.514576108712118,0.7733445783052445,0.032440681010484695,0.0079194325953722,0.03358510881662369,0.012283512391149998,0.008127385421458284,0.006628651760578386,0.007201541323372725,0.007334063161833099,0.005828946363180876,0.00714122224599123,0.0022735942620784044,0.005966277793049812,0.0022583352401852608,0.005966277793049812,0.0058543413475221386,0.0002730429240095733,0.004595007729183347,0.0008318944319287959,0.009445334784686565,0.00782787799835205,785.3137637091061,793.4020914518177,861.1566883205296,851.0974501623326,0.0,0.0,793.6558216598885,851.8279861424913,0,789.0,776.0,913.0,815.0,0.0,0.0,4
9,1,Trial1_9-0002.tif,Trial1_9-0001.tif,/Users/Maddie/Downloads/Day3_N2_Vimentin_231/A/A_FIP,/Users/Maddie/Downloads/Day3_N2_Vimentin_231/A/A_FIP,11824,42653,846,202,625,9,733.1392083897158,111.63227334235454,55.83096019970208,23535,0.9524899050420129,122.69793957906776,-131,0.27721379504372495,0.017911209057180716,304.9874254284488,257.8003103178893,30.528675044947494,5.853879337975239,3.1622776601683795,106.84589607753044,92.89006817497143,-58.64070768120866,2880.213562373095,0.5024006798385383,20.993469392647967,17.815305120311677,95.25134775298648,80.20958403591067,0.00476081483066082,0.006424048449844122,0.0028076600283384323,0.00027466239407658577,18.86125171752972,1.5611562773803147,0.029053177684545517,0.00746166193857789,0.03035019524395466,0.009948882274329662,0.00766464745989338,0.0065043100110666946,0.00805576351090887,0.006783625172184596,0.0072938124649226665,0.00666819280013442,0.0022735942620784044,0.005935759749263525,0.0022735942620784044,0.005935759749263525,0.004134541648808343,0.00023144812026511653,0.004256693554059168,0.00048353307525964896,0.010528725571930408,0.007019150070846081,717.5102912367341,731.7341043283767,122.19086060473263,112.31263464285033,0.0,0.0,733.1392083897158,111.63227334235454,0,704.0,652.0,171.0,136.0,0.0,0.0,1
9,2,Trial1_9-0002.tif,Trial1_9-0001.tif,/Users/Maddie/Downloads/Day3_N2_Vimentin_231/A/A_FIP,/Users/Maddie/Downloads/Day3_N2_Vimentin_231/A/A_FIP,3516,10100,219,527,118,427,171.76450511945393,472.9129692832764,60.87542082283802,7105,0.31859705668937216,66.90822250881301,-79,0.3481188118811881,0.016426991164631755,85.6125474754993,104.65180361560904,8.602325267042627,1.8836536038760474,1.4142135623730951,86.18622458704178,81.15129855207202,8.548104670856095,1640.0245660863889,0.494862772695285,11.657496137311682,10.306767566129565,25.790417663753033,23.145235773641616,0.0048981462605297565,0.00634775310754776,0.002151522319763899,0.00019836751744151115,1.0869333859817423,0.008288066186336176,0.030792705714702606,0.00746166193857789,0.030792705714702606,0.008331426419317722,0.007359530389716971,0.006506797705889877,0.007335158607438291,0.0065828315624691745,0.006851301062852144,0.006530861370265484,0.002288853283971548,0.006057831924408674,0.002288853283971548,0.005966277793049812,0.003280837899697869,0.00023623954031480493,0.003226163911859588,0.00030647767340454435,0.009231708012521267,0.006744487676769495,171.76639993172438,171.76420321046973,471.8260375488753,472.9212518488255,0.0,0.0,171.76450511945393,472.9129692832764,0,164.0,170.0,454.0,487.0,0.0,0.0,2
9,3,Trial1_9-0002.tif,Trial1_9-0001.tif,/Users/Maddie/Downloads/Day3_N2_Vimentin_231/A/A_FIP,/Users/Maddie/Downloads/Day3_N2_Vimentin_231/A/A_FIP,4682,9180,823,512,715,427,774.4906023067066,472.1952157197779,36.332240275835254,7245,0.6655031385692352,77.20950426242894,-86,0.5100217864923747,0.027523763808891925,97.13029727296322,119.88327656516567,12.36931687685298,3.4301559123657728,2.23606797749979,80.29292011213833,72.49757321254319,-73.80367283671085,1462.065150626205,0.6462387853692202,11.791943393880501,9.200076456647366,41.233799231471494,31.10360929509625,0.0060883499681949615,0.006385900778695941,0.0024567022919654846,0.00021362630650401115,2.33183145510811,0.029879171180176002,0.028000304475426674,0.007339589763432741,0.0322270542383194,0.008529793471097946,0.008339422485064004,0.0065064189933856905,0.008806877238673962,0.006643231374433201,0.008346685208380222,0.0065766386687755585,0.002334630349650979,0.006042572669684887,0.0022735942620784044,0.006027313880622387,0.0037234393599695323,0.00023022130097756727,0.003727811919858873,0.0003481301336091643,0.011017014272511005,0.006836041808128357,776.7158090286234,774.5194524991011,472.8922759609104,472.18744196462274,0.0,0.0,774.4906023067066,472.1952157197779,0,771.0,769.0,499.0,467.0,0.0,0.0,3
9,4,Trial1_9-0002.tif,Trial1_9-0001.tif,/Users/Maddie/Downloads/Day3_N2_Vimentin_231/A/A_FIP,/Users/Maddie/Downloads/Day3_N2_Vimentin_231/A/A_FIP,4709,8740,775,658,683,563,728.9059248248036,609.1607559991505,30.81519093338827,6529,0.3018787957918618,77.43180881367735,-86,0.5387871853546911,0.03245152698101571,84.0677089494331,98.35141076771599,18.681541692269406,4.240063122983956,2.23606797749979,84.03430671982933,80.14564037549663,35.1496280150905,1350.3666658163697,0.7212436820340021,7.69089810969308,8.449805593583733,28.51525180437602,31.312154348473996,0.0038910505827516317,0.006378271151334047,0.0018158238381147385,0.00021362630650401115,3.118814456240288,0.09945741639123323,0.022613869979977608,0.0073701078072190285,0.025818265974521637,0.008667124435305595,0.005916075468994677,0.0064998504566028716,0.0060554792534245104,0.006649427553296665,0.005569543223828077,0.0065918974578380585,0.0023041123058646917,0.006073090713471174,0.0022735942620784044,0.006027313880622387,0.002861088443853794,0.00022161560730060917,0.002858671189941028,0.0003561516293574322,0.007614252157509327,0.006820783019065857,728.5238445950625,728.9731165346437,612.2560780034813,609.2340843824954,0.0,0.0,728.9059248248036,609.1607559991505,0,749.0,724.0,622.0,594.0,0.0,0.0,4
9,5,Trial1_9-0002.tif,Trial1_9-0001.tif,/Users/Maddie/Downloads/Day3_N2_Vimentin_231/A/A_FIP,/Users/Maddie/Downloads/Day3_N2_Vimentin_231/A/A_FIP,3426,6975,240,707,147,632,202.30560420315237,666.5300642148278,22.735282204888637,4901,0.7414054235183591,66.04633737205015,-47,0.49118279569892476,0.043984499114111536,87.33547376569754,99.80981915623332,17.26267650163207,4.029096215259005,2.23606797749979,62.1972374817802,58.60711360272175,65.79698013910141,989.3473298326137,0.6990410120383596,5.50775929633528,6.036759090144187,20.561288183322176,22.84304609661922,0.003982604946941137,0.006393530406057835,0.0017395284958183765,0.00022888509556651115,0.9355884124756634,0.17137160784998962,0.01916533149778843,0.007431143894791603,0.019424734637141228,0.00862134713679552,0.005935085448637155,0.006505128329896754,0.0060015435444606465,0.006667555778347699,0.00553902518004179,0.0065918974578380585,0.0022735942620784044,0.005981536582112312,0.0022735942620784044,0.005981536582112312,0.0028298813704590834,0.00022095610233690156,0.0027079892582104166,0.0003737555422147112,0.007492179982364178,0.006866559851914644,202.3841396363283,202.46013377504696,667.4623505781811,666.4559775130037,0.0,0.0,202.30560420315237,666.5300642148278,0,205.0,211.0,670.0,655.0,0.0,0.0,5
9,6,Trial1_9-0002.tif,Trial1_9-0001.tif,/Users/Maddie/Downloads/Day3_N2_Vimentin_231/A/A_FIP,/Users/Maddie/Downloads/Day3_N2_Vimentin_231/A/A_FIP,2065,4399,155,767,102,684,125.85617433414043,725.7031476997579,26.44917327999516,3244,0.8035468845489369,51.27611198090307,-45,0.46942486928847466,0.03780836510139053,74.67135485567034,82.73451516749222,12.041594578792296,2.744530816812675,1.4142135623730951,49.234978657715416,44.44748682569442,-7.570540172840492,828.4589821842953,0.6365598027127004,4.626092998310924,5.147951565217227,11.927382494322956,13.697245981544256,0.003753719385713339,0.006393530406057835,0.0017318989848718047,0.00021362630650401115,1.0859482759220809,0.09375965801314061,0.015152208507061005,0.007568474858999252,0.018631266430020332,0.008667124435305595,0.005848410870178159,0.006508156213928226,0.0057759721522145065,0.006633048901474216,0.00537880533374846,0.0065766386687755585,0.0023041123058646917,0.0060120546258986,0.002288853283971548,0.0060120546258986,0.002519151208235361,0.00022212676853662576,0.0025815605004280997,0.0003417149599210889,0.007305256905965507,0.00680552376434207,126.87173211165975,125.76948785550941,726.0877592680943,725.7388734312871,0.0,0.0,125.85617433414043,725.7031476997579,0,110.0,116.0,722.0,732.0,0.0,0.0,6
9,7,Trial1_9-0002.tif,Trial1_9-0001.tif,/Users/Maddie/Downloads/Day3_N2_Vimentin_231/A/A_FIP,/Users/Maddie/Downloads/Day3_N2_Vimentin_231/A/A_FIP,12213,21000,500,896,360,746,425.31220830262833,819.5351674445263,20.163165811311703,15283,0.501904669420211,124.69993809080476,-99,0.5815714285714285,0.049595386426817545,137.95811498241073,149.56603892595405,43.41658669218482,11.77561436001344,8.246211251235321,129.33683636682673,119.3231392588693,26.062499474926266,1759.1200205158939,0.7991232087940849,10.667963831685483,10.797940221615136,74.11859413376078,90.75401069922373,0.0038147554732859135,0.006546120624989271,0.001892118714749813,0.0005188067443668842,5.720391787153862,2.700813698188765,0.01928740367293358,0.00759899290278554,0.032608531415462494,0.01504539605230093,0.00642648423595511,0.006504783266033215,0.006068827817388093,0.007430935126440983,0.005523765925318003,0.006958113983273506,0.0022583352401852608,0.006057831924408674,0.0022583352401852608,0.006027313880622387,0.0029986964004909077,0.00023044771242035863,0.0029612375511132646,0.0012591641415713032,0.007721065077930689,0.007888914085924625,431.03086243053343,422.7707720719439,819.6761538407898,818.6211124583857,0.0,0.0,425.31220830262833,819.5351674445263,0,437.0,395.0,775.0,793.0,0.0,0.0,7
9,8,Trial1_9-0002.tif,Trial1_9-0001.tif,/Users/Maddie/Downloads/Day3_N2_Vimentin_231/A/A_FIP,/Users/Maddie/Downloads/Day3_N2_Vimentin_231/A/A_FIP,16291,53984,680,1014,456,773,565.4454606838132,881.5345282671414,149.92788242279516,31519,0.9164052330217323,144.02203103442383,-338,0.30177459988144634,0.006669873434082194,296.8401086689656,263.0019011338131,20.09975124224178,3.104958135305527,2.0,141.9950374356512,118.81076759266988,-33.009460773570666,5540.130660189909,0.5168628446333957,35.95489479950629,33.820691815111786,112.87872279202566,107.84342904295772,0.0042114900425076485,0.006363012362271547,0.0022125584073364735,0.00021362630650401115,7.552650662674159,0.28464557376008054,0.028000304475426674,0.007614252157509327,0.03373769670724869,0.008972304873168468,0.006907760768396982,0.006497731376582476,0.006928900791358766,0.006619816404331086,0.006134126801043749,0.006561379414051771,0.0022735942620784044,0.0060120546258986,0.0022735942620784044,0.0059967958368361,0.003646650344589687,0.0002240168705023956,0.003615384017937855,0.0003401802600479354,0.008880751207470894,0.00679026497527957,562.3566544922058,565.553281565261,888.4266838329336,881.27109372084,0.0,0.0,565.4454606838132,881.5345282671414,0,559.0,541.0,943.0,923.0,0.0,0.0,8
9,9,Trial1_9-0002.tif,Trial1_9-0001.tif,/Users/Maddie/Downloads/Day3_N2_Vimentin_231/A/A_FIP,/Users/Maddie/Downloads/Day3_N2_Vimentin_231/A/A_FIP,5650,14496,169,975,18,879,95.28,915.595575221239,33.068955454579395,9135,0.9007960404576424,84.81629223064205,-75,0.3897626931567329,0.030239842361320178,146.9537964576871,150.56227947264878,19.235384061671343,4.356479196454068,2.8284271247461903,75.9174653058276,63.81357459936334,72.39144260265242,1532.2844507162113,0.6185002736726875,8.228641294175759,9.449500430840999,30.084077620878816,37.680003706365824,0.0032501716632395983,0.006393530406057835,0.0016937516629695892,0.00022888556122779846,6.1100250301853025,0.11363577883821983,0.019516289234161377,0.0073853665962815285,0.022522317245602608,0.009140154346823692,0.0056632080482971504,0.00650344145274673,0.0053246155081201445,0.006669027204666517,0.004776074085384607,0.006607156712561846,0.002288853283971548,0.0060120546258986,0.0022735942620784044,0.0059967958368361,0.002817217869249092,0.00022779478962526518,0.002655707627834654,0.0003782716959915225,0.006744487676769495,0.006851301062852144,89.17326178124387,95.37154338998026,915.395190099351,915.5282484213515,0.0,0.0,95.28,915.595575221239,0,56.0,101.0,899.0,914.0,0.0,0.0,9
9,10,Trial1_9-0002.tif,Trial1_9-0001.tif,/Users/Maddie/Downloads/Day3_N2_Vimentin_231/A/A_FIP,/Users/Maddie/Downloads/Day3_N2_Vimentin_231/A/A_FIP,4297,8165,459,1007,388,892,422.7693739818478,951.2529671864091,20.356785553374486,6377,0.8119725268112055,73.9669542682879,-44,0.5262706674831599,0.04912366922459587,105.94476533044535,115.94826432508596,14.317821063276353,4.020759280615409,3.1622776601683795,69.93346252954397,61.83949901531257,-6.784507363066131,1048.4366876077088,0.6738278187235377,6.894758630311117,6.269520217552781,30.14868435752578,28.664256242569536,0.004715037997812033,0.006393530406057835,0.001968414057046175,0.00022888556122779846,1.2687408305516288,0.0936222412777486,0.027695124968886375,0.007400625851005316,0.027695124968886375,0.008804455399513245,0.007167108763317169,0.006517172783318899,0.007016216978712074,0.006670760121612645,0.006515602581202984,0.006607156712561846,0.0023041123058646917,0.006057831924408674,0.0022735942620784044,0.006042572669684887,0.003332958833602336,0.00023038559876769032,0.0031338862630104804,0.0003638766778540209,0.008789196610450745,0.006866559851914644,423.6433039074694,422.703278451316,952.1727224691947,951.1866610411013,0.0,0.0,422.7693739818478,951.2529671864091,0,401.0,410.0,934.0,941.0,0.0,0.0,10
9,11,Trial1_9-0002.tif,Trial1_9-0001.tif,/Users/Maddie/Downloads/Day3_N2_Vimentin_231/A/A_FIP,/Users/Maddie/Downloads/Day3_N2_Vimentin_231/A/A_FIP,4709,8084,902,1015,816,921,858.1626672329581,962.6479082607773,25.571172214720487,6746,0.525021037592502,77.43180881367735,-65,0.5825086590796635,0.03910653729922998,89.84817848781721,100.56838469419701,22.02271554554524,5.212015608631795,3.0,82.52673864685943,76.468818770206,6.366513150172511,1230.111831820431,0.698043284909576,6.274479370098561,7.548455157317221,25.287678690394387,31.69201245578006,0.0034485389478504658,0.006408789195120335,0.00158693827688694,0.00025940313935279846,2.0570226651295527,0.370409012659176,0.016510261222720146,0.0073853665962815285,0.025879301130771637,0.009735256433486938,0.005404374995778261,0.006501684028697004,0.005370074047652238,0.006730093959605024,0.004928664304316044,0.006637674756348133,0.002288853283971548,0.006057831924408674,0.0022735942620784044,0.0060120546258986,0.002502415432994331,0.00022284845052359523,0.00251575830268314,0.00043106665537088524,0.006637674756348133,0.006942855194211006,857.0087380985508,858.0782306202982,964.3507851787084,962.2872515055353,0.0,0.0,858.1626672329581,962.6479082607773,0,884.0,845.0,969.0,946.0,0.0,0.0,11
11,1,Trial2_11-0002.tif,Trial2_11-0001.tif,/Users/Maddie/Downloads/Day3_N2_Vimentin_231/A/A_FIP,/Users/Maddie/Downloads/Day3_N2_Vimentin_231/A/A_FIP,3809,11448,848,425,742,317,788.9015489629824,365.17117353636127,93.80639372908571,7705,0.6883658364487024,69.64028594065532,-85,0.33272187281621246,0.010660254170819264,102.2035362546524,112.8007092176286,6.0,1.5181813763800762,1.0,82.304447058823,74.13473365611283,-41.06547963408618,2118.9789309126895,0.4943543153796236,20.911696253111586,12.842359282076359,40.094545321771875,24.33096862770617,0.007110704202204943,0.006240940187126398,0.0030212868005037308,0.00010681338608264923,4.492158674405878,0.012832991245266013,0.03294422850012779,0.0069886320270597935,0.03294422850012779,0.007751583121716976,0.010326763581783499,0.006341905818309313,0.010526265508472531,0.006387757581440318,0.009918364696204662,0.00633249431848526,0.002334630349650979,0.0059967958368361,0.002334630349650979,0.0059967958368361,0.004563619873973212,0.00014584258217915157,0.00453827034757388,0.00020260974704233958,0.013260089792311192,0.0064850845374166965,789.2220329886529,788.8907364542846,360.6904615901043,365.1642615670354,0.0,0.0,788.9015489629824,365.17117353636127,0,777.0,803.0,332.0,398.0,0.0,0.0,1
11,2,Trial2_11-0002.tif,Trial2_11-0001.tif,/Users/Maddie/Downloads/Day3_N2_Vimentin_231/A/A_FIP,/Users/Maddie/Downloads/Day3_N2_Vimentin_231/A/A_FIP,51974,137634,455,836,116,430,292.749932658637,657.9456074190941,390.7796396098782,89132,0.7137460082067383,257.24570375045204,-1004,0.3776247148233721,0.002558986954894366,390.96692929532344,419.3948020660247,45.09988913511872,5.897307927537674,2.23606797749979,300.63136109647246,273.83504467646316,-20.067316617832084,15975.849737264743,0.5831126868015977,91.0045637045987,96.15692550968379,298.79281710553914,341.98412130819634,0.003524834057316184,0.006271458230912685,0.0018158238381147385,0.00016784900799393654,16.32662134558258,1.5598728497258287,0.02725261263549328,0.007110704202204943,0.043701838701963425,0.013168536126613617,0.005993451245034161,0.006332779604167794,0.005748890158647384,0.006579907671300965,0.005172808654606342,0.006408789195120335,0.0022583352401852608,0.005951018538326025,0.002243076218292117,0.005951018538326025,0.002990064802487003,0.000143291499862791,0.0028776008855140463,0.0005573118803937203,0.0072938124649226665,0.00666819280013442,290.46155601628385,292.89804915589644,674.1110612297598,656.3927826348537,0.0,0.0,292.749932658637,657.9456074190941,0,396.0,311.0,692.0,533.0,0.0,0.0,2
11,3,Trial2_11-0002.tif,Trial2_11-0001.tif,/Users/Maddie/Downloads/Day3_N2_Vimentin_231/A/A_FIP,/Users/Maddie/Downloads/Day3_N2_Vimentin_231/A/A_FIP,14556,33855,762,644,579,459,682.3213794998626,559.0649216817807,153.44461041178047,23045,0.6875502600245988,136.1369707800384,-326,0.429951262738148,0.006517009605723021,178.9102502101951,200.94277792446286,14.035668847618199,2.606330884452288,2.0,153.36063509187846,129.91331505042112,-41.18837197948784,5297.875826193969,0.6316337600347147,36.45272039831616,31.040742153301835,110.95468217041343,93.47089509107172,0.005050736479461193,0.006256198976188898,0.0022430764511227608,0.00013733096420764923,2.615414869690903,0.04212813922484954,0.029358359053730965,0.007110704202204943,0.030472267419099808,0.008148318156599998,0.007436295470892729,0.006332260741187645,0.007622608008409826,0.006421468472868352,0.007080186158418655,0.006363012362271547,0.0023041123058646917,0.005966277793049812,0.002288853283971548,0.005966277793049812,0.0034650357707749486,0.00014411192041651502,0.003458938191147333,0.00024169916958063863,0.009597924537956715,0.006530861370265484,679.9546705943363,682.3609825283352,560.1780631360007,559.050555741145,0.0,0.0,682.3213794998626,559.0649216817807,0,705.0,709.0,616.0,510.0,0.0,0.0,3
11,4,Trial2_11-0002.tif,Trial2_11-0001.tif,/Users/Maddie/Downloads/Day3_N2_Vimentin_231/A/A_FIP,/Users/Maddie/Downloads/Day3_N2_Vimentin_231/A/A_FIP,2140,6723,762,722,679,641,724.8803738317757,688.2168224299065,41.69039226161242,4384,0.589006819260636,52.198971500722585,-31,0.3183102781496356,0.02398634183446572,71.99948126531118,88.02272433866155,9.486832980505138,2.1300710403143315,1.4142135623730951,66.998543850212,58.18480136117857,-64.95397495033656,1058.8387078612623,0.48813868613138683,8.992660521995276,6.490043616387993,18.3796752395574,13.73159406427294,0.005844205617904663,0.006256198976188898,0.0023956666700541973,0.00012207217514514923,1.6342086096481785,0.038091280077375146,0.02394140511751175,0.006942855194211006,0.02394140511751175,0.008758679032325745,0.008773327338531978,0.006331749869646823,0.008588633289512804,0.006416632740314458,0.008087282069027424,0.00634775310754776,0.0023193713277578354,0.006027313880622387,0.0023041123058646917,0.005981536582112312,0.0036969247709378035,0.000138923597107006,0.0036193714762835587,0.00024395098995687637,0.010696574114263058,0.006530861370265484,723.75627475673,724.8655195056716,687.0306356615898,688.2518979856958,0.0,0.0,724.8803738317757,688.2168224299065,0,702.0,716.0,691.0,695.0,0.0,0.0,4
12,1,Trial2_12-0002.tif,Trial2_12-0001.tif,/Users/Maddie/Downloads/Day3_N2_Vimentin_231/A/A_FIP,/Users/Maddie/Downloads/Day3_N2_Vimentin_231/A/A_FIP,3786,10212,731,334,620,242,671.892498679345,296.34231378763866,9.32578060703046,6200,0.8035302351218407,69.42971205735572,-24,0.3707403055229142,0.10722962957611573,109.76345259864193,112.37882362794157,15.264337522473747,4.94738074670728,4.123105625617661,83.93770583914277,65.33822553668477,68.81666336325526,666.097546470558,0.6106451612903225,4.3757382144685835,4.352346148341894,26.82311778748408,29.829572428017855,0.0045166704803705215,0.007171740289777517,0.0021362630650401115,0.0005951020866632462,5.943317734846715,0.21302893404401518,0.0240177009254694,0.00871290173381567,0.02539101243019104,0.012436103075742722,0.007196937852744381,0.007158464059772852,0.007084817165209741,0.007878915062867897,0.006454566493630409,0.0076905470341444016,0.0022735942620784044,0.0061951628886163235,0.0022735942620784044,0.006134126801043749,0.0037434538469922093,0.0004120534080735539,0.0034757551579716454,0.0009527304043346568,0.008995193522423506,0.008407721295952797,676.6259442401579,671.7920425926227,299.93640878084125,296.53016985323245,0.0,0.0,671.892498679345,296.34231378763866,0,704.0,658.0,310.0,294.0,0.0,0.0,1
12,2,Trial2_12-0002.tif,Trial2_12-0001.tif,/Users/Maddie/Downloads/Day3_N2_Vimentin_231/A/A_FIP,/Users/Maddie/Downloads/Day3_N2_Vimentin_231/A/A_FIP,8952,17248,288,424,112,326,217.17147006255584,379.00569705093835,21.13647848235423,12967,0.8622601579275321,106.76160547907276,-85,0.5190166975881262,0.04731157088607968,164.0559202963564,175.0114281982751,32.7566787083184,7.84253036385631,5.0990195135927845,96.16607256987005,83.08868270875195,87.21496756371884,1541.989032180456,0.6903678568674327,8.7192188561894,10.297657907940447,52.164142046589404,67.16658377228305,0.0037689784076064825,0.007034409325569868,0.0016937516629695892,0.0004119938239455223,4.817482150294927,0.19278789241030878,0.02221713587641716,0.00872816052287817,0.022537576034665108,0.011062790639698505,0.006042424709763964,0.007136284066486797,0.005827093615570756,0.007502969590290778,0.0053101396188139915,0.007400625851005316,0.002288853283971548,0.006118868011981249,0.0022583352401852608,0.0060883499681949615,0.002915782448657963,0.0004113850772137161,0.00275684288341624,0.0006573854708569683,0.0072785536758601665,0.007888914085924625,212.50957433321193,217.36174968378847,377.7912578893764,378.97469967679837,0.0,0.0,217.17147006255584,379.00569705093835,0,139.0,244.0,365.0,384.0,0.0,0.0,2
12,3,Trial2_12-0002.tif,Trial2_12-0001.tif,/Users/Maddie/Downloads/Day3_N2_Vimentin_231/A/A_FIP,/Users/Maddie/Downloads/Day3_N2_Vimentin_231/A/A_FIP,13437,40515,484,564,265,379,374.7689960556672,475.21150554439237,20.009866549632665,21861,0.9479662510984106,130.79954037612816,-74,0.3316549426138467,0.049975345788518394,277.4196203935563,254.26167623139747,32.7566787083184,8.580076178469541,6.4031242374328485,105.76006072088843,88.32231540576925,-57.722933376946685,1838.1383104791234,0.6146562371346233,10.532875708770007,12.075959602370858,88.34490084112622,115.22520940750837,0.004028381779789925,0.0072938124649226665,0.002105744555592537,0.0008850228041410446,15.948579356430443,4.577034576202354,0.018310826271772385,0.008804455399513245,0.02851911261677742,0.01762416958808899,0.00623247083359172,0.007145538226254946,0.006574748890461131,0.008575218382638116,0.005905241705477238,0.008010986261069775,0.002288853283971548,0.0061799040995538235,0.0022735942620784044,0.0061036087572574615,0.0030734946680612747,0.00041891796301127954,0.003353690486029462,0.001787568186141853,0.008407721295952797,0.00938429869711399,388.0114767308258,370.5129141457389,466.3236549011598,476.8952550173642,0.0,0.0,374.7689960556672,475.21150554439237,0,428.0,340.0,440.0,498.0,0.0,0.0,3
12,4,Trial2_12-0002.tif,Trial2_12-0001.tif,/Users/Maddie/Downloads/Day3_N2_Vimentin_231/A/A_FIP,/Users/Maddie/Downloads/Day3_N2_Vimentin_231/A/A_FIP,4630,8484,252,952,151,868,196.06781857451404,912.5252699784018,5.680164262973124,5776,0.6626828726706795,76.77954865798446,-17,0.5457331447430457,0.1760512467075341,91.20817676390924,104.69479452198185,28.844410203711913,9.28869958237274,7.615773105863909,75.99392688285639,68.30581577382003,65.02823629090484,574.8782463805517,0.8015927977839336,2.665339170722291,3.7508202297613025,25.487343020970002,38.089586248621345,0.0036011291667819023,0.007309071719646454,0.0016021975316107273,0.0007934686727821827,1.0510316620388171,0.7032996315083836,0.018066681921482086,0.008545052260160446,0.019485771656036377,0.014007782563567162,0.005076836515661506,0.007144419485259624,0.005504825706473002,0.008226692494302665,0.005065995268523693,0.008010986261069775,0.0023193713277578354,0.005951018538326025,0.0022735942620784044,0.005951018538326025,0.002300140608502009,0.00040462375739910026,0.0024718925111661847,0.001188939673885387,0.006958113983273506,0.008957046084105968,196.44800704992076,195.37231258535485,913.5051292936996,912.4208583376545,0.0,0.0,196.06781857451404,912.5252699784018,0,180.0,176.0,922.0,913.0,0.0,0.0,4
